,trim_id,model_id,invoice,price
0,3484,97,26912,27950
1,3485,97,28771,29950
2,3486,97,25315,25950
3,3487,97,30593,31850
4,3488,97,28882,30000
5,3489,98,146232,157500
6,3490,99,36458,38400
7,3492,99,43847,46200
8,3493,99,39205,41300
9,3495,99,42047,44300
10,3491,99,43942,46300
11,3494,99,45742,48200
12,3496,99,38353,40400
13,3497,99,41100,43300
14,3498,99,48394,51000
15,3499,100,36554,37500
16,3501,100,42018,44250
17,3502,100,43866,46300
18,3506,100,39497,41500
19,3500,100,41398,43500
20,3503,100,45758,48300
21,3504,100,38500,39500
22,3505,100,43914,46250
23,3507,100,49542,52300
24,3508,100,50299,53100
25,3515,101,70466,75250
26,3509,101,38358,40350
27,3510,101,40198,42350
28,3511,101,40979,43200
29,3513,101,42819,45200
30,3512,101,43891,46400
31,3514,101,45731,48400
32,3520,102,76041,81250
33,3516,102,40253,42350
34,3517,102,42093,44350
35,3518,102,45082,47600
36,3519,102,47994,50800
37,3521,395,0,245900
38,3523,395,0,205600
39,3522,395,0,220900
40,3525,396,0,316300
41,3524,396,0,334700
42,3526,397,0,176900
43,3528,398,0,153000
44,3529,398,0,146000
45,3527,398,0,161000
46,3534,104,36755,39100
47,3531,104,41174,43800
48,3530,104,42395,45100
49,3533,104,38447,40900
50,3535,104,46438,49400
51,3532,104,46814,49800
52,3537,105,41924,44600
53,3536,105,45872,48800
54,3538,105,51231,54500
55,3543,3,39292,41800
56,3545,3,47376,50400
57,3540,3,51983,55300
58,3547,3,43899,46700
59,3541,3,45967,48900
60,3550,3,45967,48900
61,3542,3,41360,44000
62,3548,3,41360,44000
63,3539,3,57482,61150
64,3544,3,49256,52400
65,3546,3,50244,53450
66,3549,3,50526,53750
67,3551,106,56212,59800
68,3558,106,51608,54900
69,3553,106,55276,58800
70,3555,106,59880,63700
71,3552,106,61008,64900
72,3554,106,65332,69500
73,3556,106,0,54900
74,3557,106,0,58800
75,3559,107,61948,65900
76,3560,107,67120,71400
77,3563,108,65048,69200
78,3561,108,69889,74350
79,3564,108,70408,74900
80,3562,108,73649,78350
81,3565,108,75437,80250
82,3566,109,81312,86500
83,3567,109,90148,95900
84,3568,109,92968,98900
85,3569,4,61948,65900
86,3571,4,70316,74800
87,3570,4,74356,79100
88,3574,111,64956,69100
89,3573,111,73324,78000
90,3572,111,77364,82300
91,3577,6,0,34000
92,3578,6,0,37300
93,3576,6,33840,36000
94,3575,6,36943,39300
95,3579,7,0,43300
96,3582,7,0,51900
97,3581,7,0,48100
98,3583,7,0,55800
99,3580,7,0,54000
100,3584,7,0,61700
101,3585,115,44932,47800
102,3587,115,47940,51000
103,3586,115,53111,56500
104,3588,116,57152,60800
105,3589,116,51653,54950
106,3590,116,53768,57200
107,3591,116,59972,63800
108,3592,116,67680,72000
109,3593,8,64108,68200
110,3594,8,67727,72050
111,3595,8,73179,77850
112,3596,117,134140,142700
113,3599,117,184900,196700
114,3598,117,0,208100
115,3597,117,145908,154900
116,3600,119,70876,75400
117,3601,119,0,75100
118,3602,120,102460,109000
119,3603,121,107160,114000
120,3604,123,107632,114500
121,3607,125,46907,49900
122,3605,125,50291,53500
123,3606,125,54710,58200
124,3608,126,56964,60600
125,3609,126,49351,52500
126,3612,126,49351,52500
127,3614,126,60348,64200
128,3615,126,52735,56100
129,3616,126,52735,56100
130,3610,126,56966,60600
131,3611,126,57247,60900
132,3613,126,64579,68700
133,3617,127,69936,74400
134,3618,127,76236,81100
135,3619,128,79336,84400
136,3620,128,84884,90300
137,3621,129,123048,130900
138,3623,130,49727,52900
139,3622,130,53863,57300
140,3624,130,58751,62500
141,3626,131,52735,56100
142,3625,131,55931,59500
143,3627,131,60819,64700
144,3628,132,79900,85000
145,3629,132,85728,91200
146,3631,133,83848,89100
147,3630,133,89396,95000
148,3632,134,50667,53900
149,3633,134,0,49800
150,3634,135,68151,72500
151,3635,136,0,59500
152,3638,137,0,180500
153,3637,137,0,249900
154,3636,137,0,180500
155,3640,138,0,223300
156,3645,138,0,245600
157,3639,138,0,304500
158,3643,138,0,282000
159,3644,138,0,206600
160,3646,138,0,227200
161,3641,138,0,292600
162,3642,138,0,271800
163,3647,139,0,196000
164,3648,139,0,221000
165,3649,140,33885,35900
166,3651,140,39420,41850
167,3650,140,35745,37900
168,3652,140,41280,43850
169,3657,140,55275,58900
170,3653,140,43605,46350
171,3655,140,47885,50950
172,3654,140,45465,48350
173,3656,140,49745,52950
174,3660,141,33700,35700
175,3659,141,35560,37700
176,3658,141,42815,45500
177,3665,9,41930,44550
178,3666,9,43790,46550
179,3661,9,38865,41250
180,3663,9,40725,43250
181,3667,9,65505,69900
182,3668,9,68205,72800
183,3664,9,51370,54700
184,3662,9,53230,56700
185,3669,10,42910,45600
186,3673,10,49885,53100
187,3670,10,44770,47600
188,3674,10,67275,71800
189,3675,10,69970,74700
190,3672,10,60020,64000
191,3671,10,54905,58500
192,3676,142,53695,57200
193,3680,142,55835,59500
194,3678,142,50905,54200
195,3677,142,53045,56500
196,3682,142,55790,59450
197,3681,142,57930,61750
198,3683,142,96755,103500
199,3679,142,71925,76800
200,3684,143,81225,86800
201,3685,143,84015,89800
202,3686,143,89685,95900
203,3687,143,96290,103000
204,3688,143,147255,157800
205,3691,12,91080,97400
206,3692,12,82340,88000
207,3689,12,85035,90900
208,3693,12,93780,100300
209,3690,12,104565,111900
210,3694,12,113400,121400
211,3695,13,79550,85000
212,3697,13,82245,87900
213,3698,13,121400,130000
214,3696,13,101775,108900
215,3699,144,133675,143200
216,3700,145,131910,141300
217,3701,399,41840,44450
218,3703,399,45420,48300
219,3702,399,48395,51500
220,3704,399,44815,47650
221,3705,147,33420,35400
222,3706,147,35280,37400
223,3709,16,43700,46450
224,3708,16,34540,36600
225,3707,16,36400,38600
226,3714,148,65505,69900
227,3711,148,53140,56600
228,3713,148,40490,43000
229,3710,148,46630,49600
230,3712,148,42350,45000
231,3717,149,68760,73400
232,3716,149,57880,61700
233,3715,149,48490,51600
234,3722,150,98245,105100
235,3719,150,77505,82800
236,3718,150,55740,59400
237,3721,150,57880,61700
238,3720,150,61320,65400
239,3726,151,101500,108600
240,3723,151,80715,86250
241,3725,151,60995,65050
242,3724,151,63135,67350
243,3728,152,93315,99800
244,3727,152,70155,74900
245,3729,153,59740,63700
246,3730,153,46720,49700
247,3735,17,53424,56000
248,3737,17,51325,53800
249,3733,17,41976,44000
250,3736,17,40068,42000
251,3731,17,38160,40000
252,3732,17,46174,48400
253,3734,17,48272,50600
254,3740,154,23177,23200
255,3738,154,25160,26100
256,3739,154,23714,24600
257,3741,18,29498,30600
258,3745,18,27570,28600
259,3742,18,25257,26200
260,3743,18,23329,24200
261,3744,18,24871,25800
262,3746,18,26799,27800
263,3751,19,38351,40200
264,3752,19,40068,42000
265,3747,19,34153,35800
266,3748,19,35870,37600
267,3749,19,32054,33600
268,3750,19,30337,31800
269,3753,20,31725,33395
270,3756,20,35715,37595
271,3755,20,36760,38695
272,3754,20,42650,44895
273,3757,21,35145,36995
274,3760,21,38755,40795
275,3758,21,39705,41795
276,3759,21,45405,47795
277,3761,22,72766,76195
278,3766,22,75631,79195
279,3762,22,79451,83195
280,3767,22,82316,86195
281,3764,22,98933,103595
282,3768,22,96068,100595
283,3765,22,84895,88895
284,3770,22,82030,85895
285,3763,22,96068,100595
286,3769,22,98933,103595
287,3778,23,78496,82195
288,3780,23,75631,79195
289,3774,23,82316,86195
290,3777,23,85181,89195
291,3772,23,101798,106595
292,3776,23,98933,103595
293,3771,23,87760,91895
294,3779,23,84895,88895
295,3773,23,98933,103595
296,3775,23,101798,106595
297,3784,25,34005,35795
298,3785,25,36380,38295
299,3783,25,37805,39795
300,3786,25,40180,42295
301,3781,25,37995,39995
302,3782,25,40370,42495
303,3788,26,41795,43995
304,3789,26,43695,45995
305,3787,26,46355,48795
306,3791,26,48255,50795
307,3790,26,52340,55095
308,3795,27,45595,47995
309,3796,27,47495,49995
310,3792,27,50155,52795
311,3793,27,52055,54795
312,3794,27,54335,57195
313,3802,157,31100,32600
314,3804,157,33772,35400
315,3805,157,31864,33400
316,3799,157,35870,37600
317,3801,157,37778,39600
318,3806,157,28771,28800
319,3800,157,40736,42700
320,3803,157,42835,44900
321,3797,157,39209,41100
322,3798,157,41976,44000
323,3807,29,35186,36500
324,3808,29,40199,41700
325,3812,158,24100,25000
326,3813,158,30366,31500
327,3814,158,24582,25500
328,3810,158,36150,37500
329,3822,158,41934,43500
330,3811,158,26510,27500
331,3819,158,32294,33500
332,3817,158,46754,48500
333,3818,158,40970,42500
334,3821,158,30366,31500
335,3823,158,36150,37500
336,3809,158,38560,40000
337,3820,158,32776,34000
338,3815,158,60732,63000
339,3816,158,66516,69000
340,3835,159,29956,31400
341,3834,159,33676,35300
342,3833,159,26426,27700
343,3832,159,28334,29700
344,3831,159,30433,31900
345,3830,159,32818,34400
346,3825,159,24293,25200
347,3829,159,30623,32100
348,3828,159,28052,29100
349,3827,159,28048,29400
350,3826,159,31482,33000
351,3824,159,25853,27100
352,3838,159,35870,37600
353,3839,159,35298,37000
354,3840,159,33867,35500
355,3841,159,32245,33800
356,3836,159,39686,41600
357,3837,159,41213,43200
358,3842,30,68369,73200
359,3843,30,61831,66200
360,3844,30,66174,70850
361,3845,30,62018,66400
362,3846,30,72712,77850
363,3847,30,55013,58900
364,3848,160,23776,23800
365,3849,160,26617,27900
366,3850,160,25090,26300
367,3856,160,25281,26500
368,3857,160,26807,28100
369,3852,160,27761,29100
370,3854,160,26235,27500
371,3855,160,28143,29500
372,3858,160,26617,27900
373,3851,160,31482,33000
374,3853,160,29956,31400
375,3859,161,34745,37200
376,3860,161,35866,38400
377,3864,161,36613,39200
378,3861,161,36656,39300
379,3862,161,38160,40900
380,3863,161,37413,40100
381,3866,162,30355,32500
382,3868,162,32130,34400
383,3865,162,33250,35600
384,3867,162,33998,36400
385,3871,163,22118,22140
386,3873,163,22432,23270
387,3874,163,22432,23270
388,3870,163,25710,26670
389,3872,163,32169,33370
390,3869,163,23396,24270
391,3888,165,40132,42200
392,3887,165,40418,42500
393,3886,165,34712,36500
394,3884,165,37850,39800
395,3883,165,36994,38900
396,3890,165,39657,41700
397,3889,165,42224,44400
398,3885,165,41939,44100
399,3908,165,54013,57400
400,3904,165,50720,53900
401,3905,165,54296,57700
402,3898,165,41028,43600
403,3891,165,43568,46300
404,3892,165,40463,43000
405,3895,165,40181,42700
406,3896,165,37922,40300
407,3897,165,43286,46000
408,3899,165,46015,48900
409,3893,165,48462,51500
410,3894,165,48744,51800
411,3906,165,46485,49400
412,3907,165,49873,53000
413,3909,165,49591,52700
414,3900,165,44698,47500
415,3901,165,41969,44600
416,3902,165,44415,47200
417,3903,165,41310,43900
418,3882,165,32578,33900
419,3881,165,37383,38900
420,3880,165,31905,33200
421,3879,165,37671,39200
422,3878,165,28157,29300
423,3877,165,34212,35600
424,3876,165,35077,36500
425,3875,165,34500,35900
426,3914,166,39259,41500
427,3915,166,40205,42500
428,3916,166,39448,41700
429,3917,166,37745,39900
430,3931,166,42097,44500
431,3930,166,41908,44300
432,3929,166,37556,39700
433,3928,166,40394,42700
434,3945,166,59062,63100
435,3943,166,59249,63300
436,3946,166,40435,43200
437,3935,166,43243,46200
438,3937,166,40622,43400
439,3927,166,41371,44200
440,3926,166,39499,42200
441,3925,166,38938,41600
442,3924,166,41558,44400
443,3941,166,36878,39400
444,3942,166,43056,46000
445,3944,166,38750,41400
446,3938,166,49140,52500
447,3939,166,48953,52300
448,3940,166,50638,54100
449,3936,166,46332,49500
450,3947,166,48017,51300
451,3934,166,46519,49700
452,3933,166,48204,51500
453,3932,166,50825,54300
454,3923,166,33394,35300
455,3922,166,38502,40700
456,3921,166,35664,37700
457,3920,166,40016,42300
458,3919,166,40205,42500
459,3918,166,37367,39500
460,3913,166,36043,38100
461,3912,166,38313,40500
462,3911,166,37556,39700
463,3910,166,35853,37900
464,3984,167,61495,65700
465,3981,167,60185,64300
466,3980,167,60372,64500
467,3949,167,44366,47400
468,3962,167,39125,41800
469,3961,167,42682,45600
470,3960,167,40061,42800
471,3959,167,44179,47200
472,3958,167,41746,44600
473,3956,167,41746,44600
474,3948,167,41184,44000
475,3950,167,45490,48600
476,3952,167,41558,44400
477,3954,167,42869,45800
478,3957,167,40622,43400
479,3955,167,38002,40600
480,3953,167,43805,46800
481,3983,167,53071,56700
482,3982,167,50450,53900
483,3979,167,51948,55500
484,3978,167,49327,52700
485,3977,167,51761,55300
486,3976,167,49140,52500
487,3974,167,40773,43100
488,3963,167,41151,43500
489,3951,167,38313,40500
490,3975,167,41340,43700
491,3964,167,39827,42100
492,3973,167,35664,37700
493,3972,167,34529,36500
494,3971,167,36989,39100
495,3970,167,38502,40700
496,3969,167,37178,39300
497,3968,167,39637,41900
498,3967,167,38124,40300
499,3966,167,42475,44900
500,3965,167,38691,40900
501,3987,168,15892,16400
502,3988,168,14826,15300
503,3986,168,17345,17900
504,3991,168,16279,16800
505,3985,168,16958,17500
506,3992,168,15892,16400
507,3989,168,14051,14500
508,3990,168,12985,13400
509,4004,31,47962,50700
510,4005,31,50800,53700
511,3999,31,71234,75300
512,4002,31,68396,72300
513,3993,31,48908,51700
514,3996,31,51746,54700
515,3994,31,56287,59500
516,3998,31,53449,56500
517,3995,31,64612,68300
518,3997,31,61774,65300
519,4000,31,59409,62800
520,4001,31,56571,59800
521,4003,31,58557,61900
522,4017,32,48246,51000
523,4018,32,45408,48000
524,4013,32,65842,69600
525,4014,32,68680,72600
526,4006,32,46354,49000
527,4012,32,49192,52000
528,4007,32,53733,56800
529,4008,32,50895,53800
530,4009,32,62058,65600
531,4010,32,59220,62600
532,4011,32,54017,57100
533,4015,32,56855,60100
534,4016,32,56003,59200
535,4026,33,24486,25400
536,4027,33,25932,26900
537,4019,33,18981,19000
538,4020,33,20726,21500
539,4021,33,22654,23500
540,4022,33,22750,23600
541,4023,33,24678,25600
542,4024,33,24486,25400
543,4025,33,25932,26900
544,4031,34,50657,53100
545,4038,34,48559,50900
546,4028,34,29770,29800
547,4039,34,33295,34900
548,4037,34,31387,32900
549,4044,34,34249,35900
550,4042,34,32341,33900
551,4029,34,33772,35400
552,4030,34,37397,39200
553,4041,34,36538,38300
554,4043,34,34630,36300
555,4035,34,37301,39100
556,4034,34,39209,41100
557,4033,34,46174,48400
558,4032,34,43693,45800
559,4036,34,41690,43700
560,4040,34,43693,45800
561,4046,169,22076,22900
562,4048,169,20630,21400
563,4045,169,23811,24700
564,4047,169,22365,23200
565,4053,170,37046,38320
566,4054,170,40646,42320
567,4049,170,30827,31370
568,4051,170,33439,34120
569,4050,170,33527,34370
570,4052,170,36139,37120
571,4062,171,44366,46045
572,4064,171,49544,51550
573,4057,171,39268,40620
574,4060,171,41430,42920
575,4061,171,46970,48815
576,4063,171,51935,54095
577,4055,171,34756,35820
578,4056,171,37570,38815
579,4058,171,37858,39120
580,4059,171,40672,42115
581,4065,172,27333,27860
582,4066,172,30106,30570
583,4067,172,32114,33245
584,4070,173,31297,31870
585,4071,173,34147,34870
586,4072,173,34812,35570
587,4073,173,39225,40645
588,4074,173,44621,46640
589,4076,173,57981,59570
590,4078,173,68421,71170
591,4079,173,73821,77170
592,4075,173,63381,65570
593,4077,173,76521,80170
594,4068,173,28447,28870
595,4069,173,31297,31870
596,4082,174,31784,32570
597,4083,174,34619,35570
598,4084,174,36415,37570
599,4085,174,40714,42245
600,4086,174,46110,48240
601,4088,174,76046,79170
602,4087,174,68306,70570
603,4080,174,30047,30570
604,4081,174,33296,34170
605,4099,175,46515,48420
606,4100,175,49074,51020
607,4093,175,35470,36670
608,4095,175,38029,39270
609,4094,175,39070,40670
610,4096,175,41629,43270
611,4097,175,44165,45920
612,4098,175,46724,48520
613,4101,175,62976,64570
614,4102,175,78416,80995
615,4089,175,32203,32570
616,4091,175,34808,35170
617,4090,175,34813,35470
618,4092,175,37418,38070
619,4103,176,25529,25815
620,4105,176,26953,27795
621,4106,176,26152,26945
622,4104,176,30140,31185
623,4111,177,40621,42095
624,4119,177,43030,44590
625,4109,177,28073,28500
626,4114,177,33485,33995
627,4122,177,32702,33200
628,4121,177,30427,30890
629,4110,177,32551,33385
630,4124,177,37313,38270
631,4123,177,34882,35775
632,4115,177,34983,35880
633,4116,177,37196,38545
634,4125,177,34789,36050
635,4126,177,37963,39340
636,4113,177,35556,36845
637,4120,177,58971,61110
638,4107,177,54923,56915
639,4127,177,39126,40545
640,4108,177,37591,38955
641,4128,177,40000,41450
642,4117,177,41534,43040
643,4118,177,47744,49475
644,4112,177,45336,46980
645,4129,178,32192,33360
646,4132,178,26806,27215
647,4130,178,28002,28720
648,4131,178,36824,38160
649,4133,178,31710,32860
650,4134,179,19987,20395
651,4135,179,21551,21990
652,4136,179,23480,23960
653,4139,179,24951,25460
654,4137,179,27591,28155
655,4138,179,26357,26895
656,4140,179,27778,28345
657,4141,180,31767,32750
658,4142,180,33703,34745
659,4143,180,35698,37185
660,4144,180,33783,35190
661,4149,180,41856,43600
662,4147,180,39298,40935
663,4148,180,37383,38940
664,4145,180,39298,40935
665,4146,180,37383,38940
666,4150,181,24138,24885
667,4151,181,25594,26385
668,4152,181,25545,26610
669,4153,181,26986,28110
670,4160,181,26501,27605
671,4161,181,27941,29105
672,4154,181,28037,29205
673,4155,181,29477,30705
674,4156,181,31589,32905
675,4162,181,28992,30200
676,4163,181,30433,31700
677,4157,181,34708,36155
678,4158,181,31969,33300
679,4159,181,33408,34800
680,4164,182,31344,32650
681,4165,182,34090,35510
682,4166,182,37042,38585
683,4178,184,73179,76385
684,4177,184,70297,73335
685,4173,184,59689,62175
686,4174,184,62616,65225
687,4180,184,75069,78385
688,4179,184,72187,75335
689,4176,184,64523,67225
690,4175,184,61609,64175
691,4183,184,73170,76375
692,4184,184,76052,79425
693,4185,184,50520,52625
694,4186,184,53448,55675
695,4172,184,56122,58460
696,4171,184,53193,55410
697,4181,184,71280,74375
698,4182,184,74162,77425
699,4168,184,50568,52675
700,4167,184,47640,49625
701,4187,184,48551,50595
702,4188,184,51479,53645
703,4170,184,54202,56460
704,4169,184,51273,53410
705,4189,185,31938,32925
706,4198,185,33878,34925
707,4200,185,52416,54600
708,4201,185,50496,52600
709,4190,185,43445,45255
710,4194,185,45365,47255
711,4193,185,48101,50105
712,4197,185,50021,52105
713,4196,185,52541,54730
714,4199,185,50621,52730
715,4203,185,51202,53335
716,4192,185,47040,49000
717,4202,185,44174,46015
718,4191,185,35592,37075
719,4195,185,33672,35075
720,4245,186,56479,60405
721,4244,186,53277,56980
722,4241,186,56199,60105
723,4238,186,52996,56680
724,4215,186,42585,45545
725,4227,186,49364,52795
726,4224,186,47158,50435
727,4230,186,42866,45845
728,4222,186,45029,48160
729,4234,186,45787,48970
730,4218,186,47994,51330
731,4212,186,44798,47905
732,4239,186,69627,74600
733,4236,186,66477,71175
734,4237,186,59079,63185
735,4240,186,58798,62885
736,4242,186,55875,59760
737,4243,186,55595,59460
738,4246,186,59976,64145
739,4247,186,46288,49505
740,4226,186,36582,38305
741,4232,186,35149,36805
742,4229,186,37513,39280
743,4204,186,27972,29290
744,4225,186,41051,42985
745,4206,186,28259,29590
746,4208,186,32695,34235
747,4220,186,38687,40510
748,4211,186,32408,33935
749,4217,186,35335,37000
750,4213,186,33120,34680
751,4214,186,31874,33375
752,4205,186,36583,39125
753,4207,186,33099,35400
754,4209,186,36302,38825
755,4210,186,33380,35700
756,4216,186,41285,44155
757,4219,186,43609,46640
758,4235,186,35820,38310
759,4233,186,38017,40660
760,4221,186,37040,39615
761,4231,186,41345,44220
762,4223,186,39237,41965
763,4228,186,39023,41735
764,4275,188,55190,58095
765,4273,188,55375,58290
766,4268,188,58221,61285
767,4277,188,58411,61485
768,4274,188,50284,52930
769,4272,188,47253,49740
770,4253,188,47880,50400
771,4255,188,45039,47410
772,4270,188,47063,49540
773,4260,188,48070,50600
774,4262,188,44849,47210
775,4278,188,50094,52730
776,4271,188,79900,84390
777,4279,188,79713,84190
778,4276,188,62429,65715
779,4269,188,62239,65515
780,4263,188,34926,36765
781,4280,188,35928,37820
782,4266,188,36118,38020
783,4267,188,38788,40830
784,4281,188,38588,40620
785,4257,188,34736,36565
786,4256,188,37586,39565
787,4252,188,37387,39355
788,4251,188,35168,37020
789,4250,188,32518,34230
790,4282,188,41330,43505
791,4248,188,39800,41895
792,4283,188,44180,46505
793,4265,188,41520,43705
794,4264,188,43986,46300
795,4261,188,42318,44545
796,4259,188,42508,44745
797,4258,188,39843,41940
798,4254,188,39653,41740
799,4249,188,37140,39095
800,4310,189,59669,62810
801,4333,189,56629,59610
802,4331,189,59850,63000
803,4325,189,56828,59820
804,4322,189,61265,64490
805,4321,189,58236,61300
806,4308,189,49329,51925
807,4309,189,47898,50420
808,4312,189,51542,54255
809,4313,189,48511,51065
810,4299,189,50929,53610
811,4298,189,46489,48935
812,4317,189,51732,54455
813,4296,189,49519,52125
814,4320,189,48701,51265
815,4293,189,46299,48735
816,4326,189,50108,52745
817,4329,189,53148,55945
818,4335,189,80998,85565
819,4336,189,80811,85365
820,4340,189,82691,87375
821,4339,189,63673,67035
822,4338,189,62249,65525
823,4337,189,65757,69265
824,4334,189,63860,67235
825,4316,189,40228,42345
826,4327,189,37378,39345
827,4289,189,38034,40035
828,4324,189,38978,41030
829,4288,189,35374,37235
830,4332,189,37568,39545
831,4294,189,36371,38285
832,4287,189,33958,35745
833,4318,189,41638,43830
834,4286,189,36618,38545
835,4314,189,40042,42150
836,4301,189,37787,39775
837,4305,189,39026,41080
838,4304,189,36176,38080
839,4307,189,40436,42565
840,4306,189,38841,40885
841,4284,189,38588,40620
842,4285,189,41254,43425
843,4330,189,42778,45030
844,4328,189,42964,45225
845,4290,189,39800,41895
846,4291,189,42460,44695
847,4323,189,44176,46500
848,4292,189,41097,43260
849,4295,189,41287,43460
850,4319,189,46840,49305
851,4297,189,42503,44740
852,4315,189,45628,48030
853,4300,189,43956,46270
854,4311,189,45438,47830
855,4302,189,43761,46065
856,4303,189,45159,47535
857,4345,190,71877,75810
858,4348,190,74463,78575
859,4347,190,66473,70030
860,4354,190,63887,67265
861,4355,190,86197,91125
862,4346,190,75837,80045
863,4350,190,78422,82810
864,4341,190,47889,50410
865,4343,190,51034,53720
866,4351,190,54711,57590
867,4353,190,52084,54825
868,4342,190,56611,59590
869,4344,190,53456,56270
870,4349,190,60196,63365
871,4352,190,57579,60610
872,4356,192,26068,27155
873,4357,192,31349,32655
874,4358,192,35792,37675
875,4359,192,30567,32175
876,4361,192,34314,36120
877,4360,192,38114,40120
878,4362,192,43338,45620
879,4363,192,49134,51720
880,4369,193,50400,50400
881,4367,193,58900,58900
882,4370,193,59900,59900
883,4366,193,50300,50300
884,4368,193,47600,47600
885,4364,193,42895,42895
886,4365,193,45595,45595
887,4379,194,31833,33160
888,4380,194,35386,36860
889,4381,194,33922,35335
890,4382,194,37474,39035
891,4371,194,24317,25070
892,4372,194,28058,28925
893,4373,194,26645,27470
894,4374,194,30386,31325
895,4375,194,27955,29120
896,4376,194,31507,32820
897,4377,194,30043,31295
898,4378,194,33595,34995
899,4383,195,67429,70300
900,4385,196,37966,39965
901,4386,196,33506,35270
902,4390,196,39179,41240
903,4391,196,34718,36545
904,4408,196,40271,42390
905,4409,196,35810,37695
906,4412,196,39059,41115
907,4413,196,34598,36420
908,4415,196,44375,46710
909,4388,196,38755,40795
910,4411,196,39914,42015
911,4387,196,43215,45490
912,4396,196,35620,37495
913,4397,196,38869,40915
914,4398,196,34408,36220
915,4401,196,40081,42190
916,4399,196,39961,42065
917,4400,196,35502,37370
918,4410,196,41173,43340
919,4405,196,36713,38645
920,4419,196,44152,46475
921,4418,196,46731,49190
922,4420,196,49452,52055
923,4421,196,41667,43860
924,4403,196,48692,51255
925,4402,196,41999,44210
926,4407,196,41101,43265
927,4406,196,45561,47960
928,4404,196,44403,46740
929,4417,196,39943,42045
930,4414,196,35596,37470
931,4416,196,40056,42165
932,4389,196,41269,43340
933,4384,196,36808,38745
934,4395,196,36688,38620
935,4394,196,41149,43315
936,4393,196,37900,39895
937,4392,196,42361,44590
938,4431,400,24629,25655
939,4432,400,24629,25655
940,4433,400,23669,24665
941,4434,400,23669,24665
942,4427,400,26957,28080
943,4428,400,26957,28080
944,4429,400,25997,27080
945,4430,400,25997,27080
946,4422,400,30336,31600
947,4423,400,26304,27400
948,4426,400,26304,27400
949,4424,400,28334,29515
950,4425,400,28334,29515
951,4438,199,35512,37380
952,4462,199,39972,42075
953,4459,199,41182,43350
954,4457,199,36722,38655
955,4436,199,36604,38530
956,4437,199,42276,44500
957,4435,199,41064,43225
958,4463,199,37815,39805
959,4456,199,40760,42905
960,4446,199,45220,47600
961,4466,199,37625,39605
962,4465,199,42086,44300
963,4439,199,40874,43025
964,4440,199,36414,38330
965,4444,199,37506,39480
966,4464,199,41967,44175
967,4442,199,43178,45450
968,4443,199,38717,40755
969,4458,199,43999,46315
970,4452,199,48127,50660
971,4460,199,50089,52725
972,4461,199,43666,45965
973,4453,199,41947,44155
974,4454,199,46408,48850
975,4455,199,38812,40855
976,4445,199,43272,45550
977,4450,199,37602,39580
978,4448,199,42062,44275
979,4447,199,39905,42005
980,4451,199,43154,45425
981,4441,199,38694,40730
982,4449,199,44366,46700
983,4481,200,44071,46390
984,4479,200,39610,41695
985,4484,200,45449,47840
986,4485,200,40988,43145
987,4489,200,41354,43530
988,4487,200,45814,48225
989,4488,200,42732,44980
990,4486,200,47192,49675
991,4483,200,50070,52705
992,4480,200,43372,45655
993,4482,200,51813,54540
994,4478,200,45115,47490
995,4476,200,42365,44595
996,4474,200,46825,49290
997,4472,200,39610,41695
998,4470,200,44071,46390
999,4490,200,40988,43145
1000,4467,200,45449,47840
1001,4477,200,44108,46430
1002,4475,200,48569,51125
1003,4473,200,41354,43530
1004,4471,200,45814,48225
1005,4469,200,42732,44980
1006,4468,200,47192,49675
1007,4491,35,34405,36000
1008,4492,35,36315,38000
1009,4493,35,36888,38600
1010,4494,35,44146,46200
1011,4495,35,46056,48200
1012,4496,201,44739,47700
1013,4497,201,47692,50850
1014,4498,201,55426,59100
1015,4499,201,58378,62250
1016,4500,202,68890,72950
1017,4501,202,71250,75450
1018,4502,202,72430,76700
1019,4503,202,74790,79200
1020,4504,38,45820,48900
1021,4505,38,51205,54650
1022,4506,38,55887,59650
1023,4507,38,61412,65550
1024,4513,39,39495,41400
1025,4509,39,44456,46600
1026,4511,39,46364,48600
1027,4508,39,29770,29800
1028,4514,39,32341,33900
1029,4515,39,35393,37100
1030,4510,39,37301,39100
1031,4512,39,39209,41100
1032,4521,203,36634,38400
1033,4522,203,37206,39000
1034,4527,203,38923,40800
1035,4529,203,38351,40200
1036,4517,203,42930,45000
1037,4518,203,42644,44700
1038,4528,203,39305,41200
1039,4519,203,30719,32200
1040,4524,203,28906,30300
1041,4525,203,36157,37900
1042,4526,203,35584,37300
1043,4516,203,25835,26800
1044,4520,203,27380,28700
1045,4523,203,31041,32200
1046,4534,205,34745,37200
1047,4530,205,35866,38400
1048,4531,205,36613,39200
1049,4532,205,36656,39300
1050,4533,205,37413,40100
1051,4535,205,38160,40900
1052,4536,206,32130,34400
1053,4539,206,30355,32500
1054,4537,206,33998,36400
1055,4538,206,33250,35600
1056,4550,207,52602,55900
1057,4548,207,51473,54700
1058,4557,207,33347,34700
1059,4555,207,28926,30100
1060,4559,207,34980,36400
1061,4553,207,38152,39700
1062,4552,207,38440,40000
1063,4551,207,35845,37300
1064,4542,207,32674,34000
1065,4549,207,55801,59300
1066,4561,207,56084,59600
1067,4562,207,52508,55800
1068,4560,207,43004,45700
1069,4563,207,46109,49000
1070,4564,207,46391,49300
1071,4565,207,44415,47200
1072,4566,207,41969,44600
1073,4544,207,40557,43100
1074,4543,207,43662,46400
1075,4556,207,42063,44700
1076,4558,207,41216,43800
1077,4554,207,38957,41400
1078,4541,207,44603,47400
1079,4540,207,44321,47100
1080,4547,207,48085,51100
1081,4546,207,44698,47500
1082,4545,207,47803,50800
1083,4568,209,54850,58600
1084,4569,209,54662,58400
1085,4585,209,33961,35900
1086,4584,209,36610,38700
1087,4586,209,40962,43300
1088,4587,209,39070,41300
1089,4588,209,40773,43100
1090,4589,209,39259,41500
1091,4590,209,38124,40300
1092,4591,209,36421,38500
1093,4593,209,38313,40500
1094,4594,209,36610,38700
1095,4567,209,60746,64900
1096,4570,209,60934,65100
1097,4592,209,42120,45000
1098,4595,209,40997,43800
1099,4596,209,44741,47800
1100,4597,209,40248,43000
1101,4598,209,38376,41000
1102,4583,209,42869,45800
1103,4582,209,43056,46000
1104,4581,209,41933,44800
1105,4580,209,44554,47600
1106,4579,209,40435,43200
1107,4578,209,50357,53800
1108,4577,209,49421,52800
1109,4576,209,47923,51200
1110,4575,209,52229,55800
1111,4574,209,49608,53000
1112,4573,209,47736,51000
1113,4572,209,52042,55600
1114,4571,209,50544,54000
1115,4629,210,55786,59600
1116,4627,210,55973,59800
1117,4615,210,36232,38300
1118,4614,210,41908,44300
1119,4613,210,35097,37100
1120,4612,210,39259,41500
1121,4611,210,38881,41100
1122,4616,210,39448,41700
1123,4617,210,37745,39900
1124,4619,210,43232,45700
1125,4630,210,40394,42700
1126,4633,210,41529,43900
1127,4634,210,37745,39900
1128,4602,210,42097,44500
1129,4635,210,38881,41100
1130,4600,210,40583,42900
1131,4618,210,63180,67500
1132,4608,210,61870,66100
1133,4603,210,62057,66300
1134,4607,210,45864,49000
1135,4637,210,45302,48400
1136,4636,210,41558,44400
1137,4601,210,43243,46200
1138,4604,210,45677,48800
1139,4632,210,42682,45600
1140,4631,210,44179,47200
1141,4628,210,39499,42200
1142,4626,210,40622,43400
1143,4625,210,42120,45000
1144,4624,210,43243,46200
1145,4623,210,44366,47400
1146,4620,210,46987,50200
1147,4609,210,43056,46000
1148,4610,210,54475,58200
1149,4606,210,53165,56800
1150,4605,210,53352,57000
1151,4622,210,50544,54000
1152,4621,210,51854,55400
1153,4599,210,50731,54200
1154,4643,211,34249,35900
1155,4644,211,35775,37500
1156,4638,211,24975,25000
1157,4639,211,27189,28500
1158,4641,211,28715,30100
1159,4640,211,32627,34200
1160,4642,211,31100,32600
1161,4648,212,61585,65100
1162,4647,212,64896,68600
1163,4651,212,67734,71600
1164,4645,212,48246,51000
1165,4649,212,51084,54000
1166,4646,212,57706,61000
1167,4650,212,54868,58000
1168,4658,213,64139,67800
1169,4655,213,70288,74300
1170,4656,213,67450,71300
1171,4652,213,50800,53700
1172,4653,213,53638,56700
1173,4654,213,57422,60700
1174,4657,213,60260,63700
1175,4663,214,29150,31090
1176,4659,214,23617,24770
1177,4660,214,25537,27230
1178,4661,214,29917,31910
1179,4664,214,26931,28720
1180,4662,214,33833,36700
1181,4665,215,25139,26370
1182,4667,215,28429,30320
1183,4668,215,30647,32690
1184,4666,215,33410,36240
1185,4672,216,23234,24500
1186,4679,216,22950,24200
1187,4678,216,24086,25400
1188,4669,216,20982,22000
1189,4680,216,20078,21050
1190,4671,216,21909,23100
1191,4674,216,22666,23900
1192,4677,216,21673,22850
1193,4673,216,26486,28400
1194,4675,216,27230,29200
1195,4681,216,26206,28100
1196,4670,216,34951,37495
1197,4676,216,41002,43995
1198,4684,401,0,58490
1199,4683,401,32029,33400
1200,4682,401,35090,36600
1201,4689,217,26127,27860
1202,4690,217,27530,29360
1203,4687,217,29955,31950
1204,4692,217,28551,30450
1205,4685,217,24169,25350
1206,4686,217,25596,26850
1207,4693,217,25311,26550
1208,4694,217,26738,28050
1209,4688,217,31026,33650
1210,4691,217,32407,35150
1211,4696,218,28654,30560
1212,4697,218,31078,33150
1213,4695,218,33511,36350
1214,4700,40,24389,25720
1215,4701,40,22969,24220
1216,4699,40,24438,25820
1217,4702,40,25903,27320
1218,4698,40,20049,21020
1219,4703,40,21477,22520
1220,4704,40,23206,24470
1221,4705,40,21786,22970
1222,4706,40,27361,29340
1223,4708,219,23044,24810
1224,4707,219,21304,22930
1225,4709,219,26775,28840
1226,4711,41,43823,47820
1227,4713,41,32806,35190
1228,4712,41,35850,38460
1229,4710,41,30296,31790
1230,4714,41,38953,42500
1231,4721,220,40491,44180
1232,4716,220,34314,36810
1233,4719,220,36175,38810
1234,4715,220,30572,32790
1235,4718,220,32434,34790
1236,4717,220,38203,41680
1237,4720,220,36372,39680
1238,4728,221,45881,50220
1239,4732,221,44513,48720
1240,4731,221,32208,35230
1241,4733,221,34033,37230
1242,4723,221,37161,40660
1243,4730,221,35337,38660
1244,4722,221,29764,32550
1245,4725,221,31588,34550
1246,4734,221,37708,41260
1247,4735,221,35884,39260
1248,4724,221,39770,43520
1249,4726,221,41320,45220
1250,4727,221,39496,43220
1251,4729,221,41594,45520
1252,4738,222,40253,43920
1253,4739,222,36790,39470
1254,4737,222,38880,42420
1255,4736,222,34016,36490
1256,4743,223,18929,19500
1257,4740,223,15024,15395
1258,4741,223,16080,16495
1259,4742,223,17267,17750
1260,4749,42,22622,23550
1261,4748,42,24446,25450
1262,4750,42,26990,28100
1263,4746,42,23150,24100
1264,4747,42,24206,25200
1265,4744,42,19075,19650
1266,4745,42,20078,20900
1267,4752,402,36903,38815
1268,4751,402,31999,33245
1269,4753,225,22665,23400
1270,4756,225,29938,31400
1271,4754,225,24249,25350
1272,4755,225,27298,28600
1273,4759,226,31589,33150
1274,4757,226,25780,26700
1275,4758,226,28348,29700
1276,4764,227,25157,26300
1277,4770,227,26495,27700
1278,4763,227,25061,26200
1279,4769,227,26400,27600
1280,4760,227,19899,20500
1281,4766,227,21257,21900
1282,4761,227,21333,22300
1283,4767,227,22671,23700
1284,4762,227,23101,24150
1285,4768,227,24440,25550
1286,4765,227,26925,28150
1287,4771,227,28264,29550
1288,4773,228,40754,42000
1289,4772,228,36432,37390
1290,4774,228,43972,45600
1291,4775,229,57858,58935
1292,4776,229,61244,62385
1293,4777,43,45280,47900
1294,4784,43,43673,46200
1295,4779,43,44405,46975
1296,4783,43,42799,45275
1297,4778,43,31382,32675
1298,4780,43,33014,34375
1299,4781,43,35003,37025
1300,4782,43,33396,35325
1301,4791,44,40448,42450
1302,4792,44,40257,42250
1303,4793,44,38828,40750
1304,4787,44,36923,38750
1305,4790,44,38543,40450
1306,4785,44,25732,27000
1307,4788,44,27351,28700
1308,4786,44,27446,28800
1309,4789,44,29065,30500
1310,4794,231,32066,33650
1311,4796,231,38066,39950
1312,4795,231,35828,37600
1313,4800,233,32267,33950
1314,4801,233,31649,33300
1315,4797,233,23006,23950
1316,4798,233,24524,25800
1317,4799,233,26899,28300
1318,4802,234,26460,27750
1319,4804,234,33655,35300
1320,4803,234,28509,29900
1321,4811,235,29274,30800
1322,4812,235,27944,29400
1323,4805,235,22790,23700
1324,4808,235,24135,25100
1325,4809,235,25081,26100
1326,4810,235,26404,27500
1327,4813,235,27134,28250
1328,4816,235,28478,29650
1329,4814,235,31792,33450
1330,4815,235,30462,32050
1331,4806,235,24183,25150
1332,4807,235,25529,26550
1333,4817,237,18271,18900
1334,4818,237,19218,19900
1335,4819,237,22121,23100
1336,4823,237,31055,32250
1337,4824,237,32498,33750
1338,4821,237,24502,25750
1339,4820,237,22338,23450
1340,4822,237,27070,28450
1341,4827,238,21358,22050
1342,4825,238,18220,18750
1343,4826,238,19220,19800
1344,4830,45,0,41800
1345,4831,45,0,43800
1346,4828,45,0,36700
1347,4829,45,0,38700
1348,4834,45,0,55850
1349,4835,45,0,57850
1350,4832,45,0,47700
1351,4833,45,0,49700
1352,4836,45,0,48200
1353,4837,45,0,50200
1354,4838,239,0,50300
1355,4841,239,0,52300
1356,4839,239,0,43750
1357,4843,239,0,41750
1358,4840,239,0,58200
1359,4842,239,0,60200
1360,4852,240,0,54300
1361,4853,240,0,56950
1362,4848,240,0,44800
1363,4849,240,0,46800
1364,4846,240,0,41600
1365,4847,240,0,43600
1366,4844,240,0,38050
1367,4845,240,0,40050
1368,4850,240,0,50100
1369,4851,240,0,52100
1370,4854,242,0,69150
1371,4855,242,0,72250
1372,4856,242,0,73450
1373,4857,242,0,76550
1374,4858,242,0,80300
1375,4859,242,0,83400
1376,4861,47,46995,49995
1377,4860,47,38535,40995
1378,4862,47,43329,46095
1379,4863,48,46995,49995
1380,4864,48,50661,53895
1381,4865,48,55831,59395
1382,4866,48,61288,65200
1383,4867,48,79524,84600
1384,4868,49,57904,61600
1385,4871,49,60818,64700
1386,4869,49,68714,73100
1387,4872,49,70876,75400
1388,4870,49,76892,81800
1389,4873,49,79806,84900
1390,4874,49,97008,103200
1391,4875,49,99546,105900
1392,4877,51,42675,43995
1393,4878,51,45682,47095
1394,4876,51,48495,49995
1395,4883,243,32272,33055
1396,4890,243,33697,34555
1397,4881,243,30084,30720
1398,4888,243,31509,32220
1399,4895,243,29596,29905
1400,4894,243,28156,28405
1401,4885,243,36458,37475
1402,4892,243,37883,38975
1403,4886,243,28496,28710
1404,4879,243,27056,27210
1405,4882,243,30267,30875
1406,4889,243,31692,32375
1407,4887,243,30409,31025
1408,4880,243,28984,29525
1409,4891,243,35407,36285
1410,4884,243,33982,34785
1411,4893,243,35217,36085
1412,4899,244,28126,28695
1413,4904,244,29551,30195
1414,4898,244,27276,27845
1415,4903,244,28701,29345
1416,4907,244,27066,27490
1417,4897,244,25969,26425
1418,4902,244,27394,27925
1419,4900,244,29266,29895
1420,4905,244,30691,31395
1421,4896,244,24258,24495
1422,4901,244,25690,25995
1423,4906,244,30691,31395
1424,4912,245,40803,42235
1425,4919,245,38013,39135
1426,4917,245,39426,40705
1427,4914,245,49112,51995
1428,4916,245,42308,44320
1429,4913,245,39118,40890
1430,4915,245,42308,44320
1431,4908,245,33427,34040
1432,4910,245,36487,37440
1433,4918,245,39183,40435
1434,4911,245,38957,40185
1435,4909,245,35183,35990
1436,4925,246,43541,45240
1437,4927,246,41566,43240
1438,4938,246,36429,37165
1439,4937,246,38460,39165
1440,4932,246,51216,53435
1441,4930,246,48301,50435
1442,4920,246,33860,34970
1443,4922,246,35840,36970
1444,4921,246,37605,38470
1445,4923,246,39636,40470
1446,4926,246,39505,40950
1447,4924,246,41480,42950
1448,4939,246,44091,46045
1449,4940,246,46066,48045
1450,4929,246,45651,47490
1451,4931,246,48566,50490
1452,4935,246,67313,69940
1453,4933,246,51291,53490
1454,4934,246,54206,56490
1455,4936,246,84523,88445
1456,4928,246,44488,46150
1457,4942,248,39543,40195
1458,4944,248,41506,42195
1459,4941,248,36663,36995
1460,4943,248,38626,38995
1461,4945,248,42541,43995
1462,4946,248,44466,45995
1463,4947,248,51001,52995
1464,4948,248,52926,54995
1465,4949,248,54761,56995
1466,4950,248,56686,58995
1467,4951,248,59386,61995
1468,4956,251,26501,27070
1469,4962,251,27926,28570
1470,4965,251,25895,26365
1471,4954,251,28247,28930
1472,4961,251,26822,27430
1473,4953,251,24344,24745
1474,4959,251,26267,26765
1475,4955,251,25017,25475
1476,4960,251,26442,26975
1477,4963,251,28864,29525
1478,4952,251,22581,22850
1479,4957,251,24504,24870
1480,4964,251,28864,29525
1481,4958,251,25308,25745
1482,4980,253,35296,36595
1483,4981,253,34126,35295
1484,4982,253,32776,33795
1485,4970,253,37948,39820
1486,4966,253,28817,29370
1487,4968,253,31697,32570
1488,4983,253,38741,40095
1489,4984,253,31815,32400
1490,4979,253,48286,51175
1491,4988,253,0,0
1492,4985,253,31815,32400
1493,4976,253,41323,43320
1494,4989,253,70595,74795
1495,4986,253,0,0
1496,4977,253,38022,39770
1497,4987,253,0,0
1498,4978,253,41258,43365
1499,4971,253,32262,32870
1500,4975,253,36938,38065
1501,4990,253,38308,39235
1502,4973,253,35142,36070
1503,4974,253,37712,38925
1504,4972,253,34117,34930
1505,4969,253,34267,35425
1506,4967,253,30672,31430
1507,4991,254,54589,57100
1508,4992,254,53057,55225
1509,4993,254,49571,51525
1510,4994,255,0,83900
1511,4996,255,0,93900
1512,4995,255,0,99990
1513,4998,403,0,144800
1514,4997,403,0,152800
1515,5003,53,22050,23090
1516,4999,53,17263,17890
1517,5000,53,18133,18790
1518,5004,53,22338,23390
1519,5005,53,21765,22790
1520,5002,53,19567,20490
1521,5001,53,18712,19390
1522,5009,54,27106,28090
1523,5010,54,29214,30590
1524,5008,54,24597,25490
1525,5012,54,28169,29190
1526,5006,54,23001,23590
1527,5007,54,23730,24590
1528,5011,54,25755,26690
1529,5017,257,31962,32950
1530,5013,257,23948,24690
1531,5014,257,25306,26090
1532,5015,257,27539,28390
1533,5016,257,30022,30950
1534,5018,258,38112,39090
1535,5019,258,43534,44650
1536,5021,259,32389,33390
1537,5022,259,35454,36550
1538,5020,259,28703,29590
1539,5024,260,15576,16050
1540,5023,260,16197,16690
1541,5025,260,16489,16990
1542,5027,404,32353,33700
1543,5026,404,29336,30400
1544,5028,404,39841,41500
1545,5033,55,24502,25390
1546,5032,55,21221,21990
1547,5029,55,21221,21990
1548,5030,55,22765,23590
1549,5031,55,24695,25590
1550,5034,55,26731,27990
1551,5037,261,33766,34990
1552,5042,261,35503,36790
1553,5035,261,28362,29390
1554,5040,261,30099,31190
1555,5036,261,30773,31890
1556,5041,261,32510,33690
1557,5038,261,36281,37990
1558,5043,261,38000,39790
1559,5039,261,38764,40590
1560,5044,261,40674,42590
1561,5046,262,35712,36590
1562,5045,262,32784,33590
1563,5052,56,22300,23350
1564,5051,56,20810,21790
1565,5047,56,17151,17590
1566,5048,56,18421,19090
1567,5049,56,19965,20690
1568,5053,56,26406,27650
1569,5050,56,21028,21790
1570,5056,57,26295,27390
1571,5060,57,27733,28890
1572,5054,57,23125,24090
1573,5058,57,24567,25590
1574,5055,57,25527,26590
1575,5059,57,27157,28290
1576,5057,57,32232,33750
1577,5061,57,33664,35250
1578,5063,59,37136,39590
1579,5067,59,39200,41790
1580,5062,59,31037,33090
1581,5066,59,33101,35290
1582,5064,59,42669,45490
1583,5068,59,44732,47690
1584,5065,59,47266,50390
1585,5069,59,49330,52590
1586,5072,264,35899,37590
1587,5076,264,37809,39590
1588,5070,264,31064,32190
1589,5074,264,32994,34190
1590,5071,264,33380,34590
1591,5075,264,35310,36590
1592,5073,264,40577,42490
1593,5077,264,42393,44390
1594,5078,405,0,522948
1595,5079,405,0,573966
1596,5082,265,0,261274
1597,5080,265,0,206485
1598,5081,265,0,229428
1599,5083,265,0,287400
1600,5084,266,0,218009
1601,5085,60,47470,50500
1602,5088,60,50572,53800
1603,5087,60,58938,62700
1604,5089,60,78020,83000
1605,5086,60,67304,71600
1606,5090,60,61570,65500
1607,5091,60,43334,46100
1608,5092,60,46436,49400
1609,5094,60,60254,64100
1610,5095,60,75670,80500
1611,5093,60,54332,57800
1612,5097,61,53016,56400
1613,5096,61,50666,53900
1614,5099,61,64766,68900
1615,5098,61,58186,61900
1616,5103,62,40984,43600
1617,5101,62,44133,46950
1618,5100,62,39386,41900
1619,5102,62,42629,45350
1620,5104,63,86480,92000
1621,5106,63,97290,103500
1622,5108,63,123140,131000
1623,5107,63,91180,97000
1624,5109,63,135830,144500
1625,5111,63,139590,148500
1626,5116,63,145700,155000
1627,5115,63,141940,151000
1628,5110,63,106690,113500
1629,5114,63,110450,117500
1630,5112,63,168730,179500
1631,5113,63,172020,183000
1632,5117,63,198340,211000
1633,5105,63,92120,98000
1634,5122,64,50196,53400
1635,5120,64,42206,44900
1636,5121,64,46624,49600
1637,5118,64,40702,43300
1638,5119,64,45120,48000
1639,5125,267,73790,78500
1640,5123,267,65330,69500
1641,5126,267,78960,84000
1642,5127,267,84600,90000
1643,5128,267,78020,83000
1644,5130,267,92590,98500
1645,5129,267,82250,87500
1646,5131,267,108570,115500
1647,5132,267,122200,130000
1648,5124,267,74730,79500
1649,5137,65,55366,58900
1650,5133,65,53486,56900
1651,5134,65,61946,65900
1652,5136,65,60066,63900
1653,5135,65,72286,76900
1654,5139,268,37468,40000
1655,5138,268,42805,45800
1656,5141,268,42254,45200
1657,5140,268,45749,49000
1658,5144,268,39256,41910
1659,5143,268,44042,47110
1660,5142,268,47537,50910
1661,5148,268,37468,40000
1662,5147,268,42805,45800
1663,5146,268,42254,45200
1664,5145,268,45749,49000
1665,5149,269,48991,53250
1666,5150,269,59353,64515
1667,5151,270,36318,39050
1668,5152,270,38178,41050
1669,5153,270,39945,42950
1670,5154,270,41805,44950
1671,5155,271,85607,93050
1672,5157,271,93012,101100
1673,5156,271,89800,97610
1674,5158,272,69920,76000
1675,5159,272,72911,79250
1676,5160,272,76223,82850
1677,5161,272,73232,79600
1678,5162,272,83260,90500
1679,5163,272,86251,93750
1680,5164,273,84576,91930
1681,5165,273,79976,86930
1682,5170,274,36474,39010
1683,5171,274,35165,37610
1684,5166,274,37129,39710
1685,5167,274,38438,41110
1686,5168,274,41197,44060
1687,5169,274,42506,45460
1688,5173,274,37751,40160
1689,5174,274,44096,46910
1690,5172,274,43813,46610
1691,5177,275,39263,42220
1692,5178,275,41766,44910
1693,5175,275,45445,48865
1694,5176,275,43423,46690
1695,5179,275,41991,45150
1696,5182,275,44002,47315
1697,5184,275,61359,65975
1698,5183,275,90392,97200
1699,5180,275,46146,49620
1700,5181,275,47644,51230
1701,5185,276,42279,45220
1702,5189,276,43588,46620
1703,5186,276,49089,52500
1704,5187,276,46844,50100
1705,5188,276,45535,48700
1706,5190,276,47780,51100
1707,5192,276,44880,48000
1708,5194,276,46189,49400
1709,5191,276,51799,55400
1710,5193,276,50490,54000
1711,5197,276,45043,47920
1712,5195,276,48316,51400
1713,5196,276,50496,53720
1714,5199,276,48231,51310
1715,5198,276,53872,57310
1716,5201,277,31317,33000
1717,5200,277,33215,35000
1718,5202,277,35777,37700
1719,5205,277,33405,35200
1720,5203,277,35303,37200
1721,5204,277,37865,39900
1722,5206,66,49250,51570
1723,5207,66,51637,54070
1724,5211,66,74389,79345
1725,5212,66,83306,88985
1726,5210,66,65672,69945
1727,5208,66,54418,57585
1728,5209,66,56789,60095
1729,5213,278,34481,36105
1730,5216,278,36582,38305
1731,5217,278,47619,50390
1732,5214,278,40683,43050
1733,5215,278,42762,45250
1734,5218,279,40801,42500
1735,5220,279,43200,45000
1736,5219,279,61510,65090
1737,5221,279,49443,52045
1738,5222,279,47072,49550
1739,5227,280,73253,76705
1740,5229,280,75803,79375
1741,5232,280,92736,98655
1742,5223,280,78859,82575
1743,5224,280,76309,79905
1744,5231,280,95720,101855
1745,5225,280,83524,88385
1746,5226,280,81001,85715
1747,5228,280,80481,85165
1748,5230,280,77953,82490
1749,5233,406,0,96950
1750,5234,406,0,96950
1751,5235,282,0,74390
1752,5238,282,0,81890
1753,5241,282,0,81890
1754,5237,282,0,79390
1755,5240,282,0,86190
1756,5239,282,0,86190
1757,5236,282,0,81890
1758,5243,282,0,88690
1759,5242,282,0,88690
1760,5244,282,0,109890
1761,5245,283,0,77890
1762,5250,283,0,83890
1763,5251,283,0,83890
1764,5252,283,0,125490
1765,5247,283,0,88890
1766,5249,283,0,93890
1767,5246,283,0,93890
1768,5248,283,0,152690
1769,5255,285,0,104390
1770,5258,285,0,111390
1771,5256,285,0,111390
1772,5253,285,0,108890
1773,5254,285,0,115890
1774,5257,285,0,115890
1775,5259,285,0,142390
1776,5260,286,19751,20650
1777,5272,286,21662,22650
1778,5267,286,20707,21650
1779,5278,286,29689,31050
1780,5269,286,28733,30050
1781,5279,286,32413,33900
1782,5268,286,31169,32600
1783,5270,286,24386,25500
1784,5275,286,25724,26900
1785,5265,286,23431,24500
1786,5262,286,24768,25900
1787,5266,286,27156,28400
1788,5271,286,26775,28000
1789,5273,286,28111,29400
1790,5274,286,26775,28000
1791,5263,286,25818,27000
1792,5264,286,23192,24250
1793,5276,286,22809,23850
1794,5277,286,24147,25250
1795,5261,286,21854,22850
1796,5280,407,31109,32950
1797,5282,407,28491,30175
1798,5281,407,30849,32675
1799,5285,407,33892,35900
1800,5284,407,23235,24475
1801,5283,407,25565,27075
1802,5286,408,21556,22190
1803,5287,408,20197,20790
1804,5296,287,29184,30050
1805,5288,287,21421,22050
1806,5289,287,22780,23450
1807,5290,287,27049,27850
1808,5293,287,25691,26450
1809,5291,287,29233,30100
1810,5292,287,27873,28700
1811,5294,287,24720,25450
1812,5295,287,23361,24050
1813,5297,287,31513,32450
1814,5298,287,33066,34050
1815,5301,288,28122,28955
1816,5307,288,29481,30355
1817,5309,288,31232,32160
1818,5310,288,29874,30760
1819,5302,288,29374,30560
1820,5306,288,30718,31960
1821,5303,288,34008,35385
1822,5305,288,36044,37505
1823,5299,288,24896,25370
1824,5304,288,26270,26770
1825,5300,288,27689,28510
1826,5308,288,26331,27110
1827,5318,289,39049,41280
1828,5319,289,40848,43180
1829,5313,289,41659,44040
1830,5316,289,39863,42140
1831,5312,289,44273,46805
1832,5311,289,32319,34160
1833,5315,289,34116,36060
1834,5314,289,34012,35950
1835,5317,289,35808,37850
1836,5320,291,28628,30290
1837,5323,291,29196,30890
1838,5322,291,30028,31770
1839,5324,291,30523,32295
1840,5321,291,26637,28180
1841,5325,291,25359,26830
1842,5326,292,31229,33045
1843,5329,292,31797,33645
1844,5327,292,33126,35050
1845,5328,292,32629,34525
1846,5330,293,0,299000
1847,5331,294,0,315000
1848,5332,409,0,358000
1849,5333,410,0,1690000
1850,5334,297,0,200000
1851,5335,298,0,33650
1852,5336,298,0,35650
1853,5337,298,0,45850
1854,5343,299,0,89900
1855,5344,299,0,99950
1856,5345,299,0,140600
1857,5346,299,0,161900
1858,5339,299,0,130700
1859,5341,299,0,118600
1860,5342,299,0,325000
1861,5338,299,0,165100
1862,5340,299,0,153500
1863,5353,300,0,56500
1864,5354,300,0,59000
1865,5355,300,0,65500
1866,5356,300,0,68600
1867,5357,300,0,70650
1868,5358,300,0,78000
1869,5359,300,0,76200
1870,5360,300,0,78250
1871,5361,300,0,85600
1872,5347,300,0,41600
1873,5349,300,0,47200
1874,5351,300,0,54700
1875,5348,300,0,43600
1876,5350,300,0,49200
1877,5352,300,0,56700
1878,5364,301,0,47850
1879,5365,301,0,55350
1880,5362,301,0,37850
1881,5363,301,0,39850
1882,5368,302,0,81550
1883,5366,302,0,70300
1884,5367,302,0,72800
1885,5372,303,0,73900
1886,5375,303,0,76250
1887,5378,303,0,82850
1888,5380,303,0,107500
1889,5381,303,0,112450
1890,5369,303,0,54250
1891,5370,303,0,56750
1892,5373,303,0,64950
1893,5376,303,0,71950
1894,5371,303,0,62000
1895,5374,303,0,67450
1896,5377,303,0,74450
1897,5379,303,0,67600
1898,5383,411,0,156450
1899,5382,411,0,131750
1900,5386,305,0,47550
1901,5387,305,0,54500
1902,5384,305,0,36230
1903,5385,305,0,38230
1904,5388,306,0,49500
1905,5390,306,0,38050
1906,5389,306,0,40050
1907,5393,307,0,59900
1908,5394,307,0,73900
1909,5391,307,0,43200
1910,5392,307,0,45200
1911,5396,308,0,64900
1912,5397,308,0,76900
1913,5398,308,0,84500
1914,5395,308,0,51650
1915,5399,309,0,72350
1916,5400,309,0,113950
1917,5401,309,0,54750
1918,5402,309,0,57250
1919,5403,309,0,62500
1920,5404,309,0,78900
1921,5405,310,0,76500
1922,5406,310,0,116000
1923,5409,311,0,132100
1924,5407,311,0,76000
1925,5408,311,0,98850
1926,5410,312,0,184900
1927,5411,313,150870,160500
1928,5412,314,0,32630
1929,5413,314,0,33155
1930,5414,314,0,36840
1931,5417,315,0,173100
1932,5418,315,0,185400
1933,5420,315,0,109800
1934,5416,315,0,140000
1935,5415,315,0,131400
1936,5419,315,0,116300
1937,5454,317,0,36355
1938,5460,317,0,43120
1939,5449,317,0,42635
1940,5453,317,0,50810
1941,5455,317,0,37585
1942,5456,317,0,40735
1943,5444,317,0,46425
1944,5441,317,0,54600
1945,5475,317,0,41375
1946,5474,317,0,44525
1947,5429,317,0,49400
1948,5431,317,0,57575
1949,5461,317,0,44350
1950,5462,317,0,47500
1951,5457,317,0,48110
1952,5458,317,0,46210
1953,5459,317,0,43060
1954,5436,317,0,50010
1955,5452,317,0,58185
1956,5451,317,0,48110
1957,5450,317,0,56285
1958,5476,317,0,50530
1959,5445,317,0,60605
1960,5477,317,0,47380
1961,5426,317,0,52430
1962,5463,317,0,52025
1963,5432,317,0,57075
1964,5464,317,0,55175
1965,5438,317,0,45045
1966,5465,317,0,43145
1967,5424,317,0,48835
1968,5478,317,0,46935
1969,5467,317,0,48620
1970,5440,317,0,50520
1971,5439,317,0,52420
1972,5466,317,0,50520
1973,5479,317,0,52940
1974,5427,317,0,54840
1975,5434,317,0,47455
1976,5433,317,0,55630
1977,5468,317,0,45555
1978,5421,317,0,59420
1979,5480,317,0,49345
1980,5428,317,0,51245
1981,5435,317,0,61105
1982,5437,317,0,52930
1983,5446,317,0,54830
1984,5469,317,0,51030
1985,5470,317,0,52930
1986,5443,317,0,63005
1987,5422,317,0,57250
1988,5481,317,0,55350
1989,5423,317,0,65425
1990,5473,317,0,47655
1991,5447,317,0,49555
1992,5425,317,0,53345
1993,5483,317,0,51445
1994,5472,317,0,55030
1995,5471,317,0,53130
1996,5448,317,0,55030
1997,5442,317,0,56930
1998,5430,317,0,59350
1999,5482,317,0,57450
2000,5484,68,27710,29900
2001,5486,68,30470,32900
2002,5485,68,36540,39500
2003,5487,69,25410,27400
2004,5489,69,29090,31400
2005,5488,69,35530,38400
2006,5495,70,26970,29100
2007,5491,70,28810,31100
2008,5490,70,25250,29100
2009,5492,70,27250,31100
2010,5497,70,29550,31900
2011,5494,70,31390,33900
2012,5496,70,38380,41500
2013,5493,70,38380,41500
2014,5503,71,20810,22400
2015,5498,71,19000,22400
2016,5500,71,24490,26400
2017,5499,71,27710,29900
2018,5501,71,30010,32400
2019,5502,71,41510,44900
2020,5504,72,21730,23400
2021,5506,72,20000,23400
2022,5505,72,25410,27400
2023,5511,318,16624,16995
2024,5508,318,15255,15595
2025,5510,318,13983,14295
2026,5507,318,15866,16220
2027,5509,318,17065,17445
2028,5515,319,17602,17995
2029,5512,319,16233,16595
2030,5513,319,14961,15295
2031,5516,319,16844,17220
2032,5514,319,17799,18195
2033,5517,321,40597,41995
2034,5518,321,36730,37995
2035,5519,321,35087,36295
2036,5527,322,25854,26745
2037,5528,322,24356,25195
2038,5520,322,22347,22995
2039,5522,322,23853,24545
2040,5525,322,24825,25545
2041,5526,322,23319,23995
2042,5529,322,20726,20995
2043,5523,322,23996,24695
2044,5524,322,25502,26245
2045,5521,322,26230,26995
2046,5537,323,0,34250
2047,5530,323,0,24550
2048,5533,323,0,29990
2049,5536,323,0,31390
2050,5532,323,0,26550
2051,5535,323,0,27950
2052,5531,323,0,25550
2053,5534,323,0,26950
2054,5538,323,0,30900
2055,5541,324,0,68300
2056,5544,324,0,65300
2057,5539,324,0,48900
2058,5546,324,0,51900
2059,5540,324,0,56300
2060,5545,324,0,59300
2061,5542,324,0,52900
2062,5543,324,0,55900
2063,5557,325,0,37790
2064,5547,325,0,27190
2065,5549,325,0,30080
2066,5551,325,0,28200
2067,5554,325,0,31590
2068,5548,325,0,28070
2069,5550,325,0,30960
2070,5552,325,0,29100
2071,5553,325,0,31710
2072,5555,325,0,32290
2073,5556,325,0,32710
2074,5559,412,0,210740
2075,5560,412,0,215690
2076,5558,412,0,113540
2077,5561,412,0,138490
2078,5562,326,0,19600
2079,5564,326,0,22140
2080,5563,326,0,21450
2081,5565,74,0,31670
2082,5567,74,0,38270
2083,5569,74,0,43970
2084,5566,74,0,34960
2085,5568,74,0,40520
2086,5572,327,0,42320
2087,5571,327,0,42250
2088,5570,327,0,37090
2089,5579,328,0,44360
2090,5580,328,0,45910
2091,5573,328,0,32810
2092,5574,328,0,34360
2093,5577,328,0,40310
2094,5578,328,0,41860
2095,5575,328,0,35940
2096,5576,328,0,37490
2097,5581,413,0,30640
2098,5582,413,0,31630
2099,5583,413,0,31540
2100,5591,413,0,33690
2101,5584,413,0,34130
2102,5586,413,0,32530
2103,5588,413,0,34680
2104,5589,413,0,36280
2105,5587,413,0,39560
2106,5585,413,0,36330
2107,5590,413,0,38480
2108,5592,414,0,36860
2109,5594,414,0,43610
2110,5593,414,0,39310
2111,5595,415,0,23630
2112,5596,415,0,24680
2113,5600,330,0,37230
2114,5604,330,0,35830
2115,5597,330,0,26050
2116,5601,330,0,27450
2117,5599,330,0,32400
2118,5603,330,0,33800
2119,5598,330,0,27740
2120,5602,330,0,29140
2121,5605,331,0,24160
2122,5608,331,0,25560
2123,5607,331,0,28790
2124,5610,331,0,30190
2125,5606,331,0,25730
2126,5609,331,0,27130
2127,5611,332,0,19510
2128,5613,332,0,21850
2129,5612,332,0,20570
2130,5617,333,0,56440
2131,5624,333,0,59680
2132,5615,333,0,50690
2133,5627,333,0,48470
2134,5618,333,0,36950
2135,5619,333,0,40180
2136,5621,333,0,39680
2137,5622,333,0,42810
2138,5616,333,0,58160
2139,5626,333,0,54930
2140,5614,333,0,44020
2141,5620,333,0,40790
2142,5623,333,0,46260
2143,5625,333,0,43130
2144,5632,334,0,62710
2145,5630,334,0,54920
2146,5628,334,0,45430
2147,5631,334,0,59470
2148,5629,334,0,49170
2149,5633,335,0,14980
2150,5634,335,0,16650
2151,5636,335,0,18390
2152,5635,335,0,17790
2153,5637,416,0,155000
2154,5638,76,0,59900
2155,5644,336,88740,98600
2156,5639,336,55800,62000
2157,5643,336,80010,88900
2158,5642,336,66600,74000
2159,5641,336,87570,97300
2160,5640,336,63900,71000
2161,5645,337,53910,59900
2162,5647,337,90180,100200
2163,5649,337,78120,86800
2164,5648,337,64710,71900
2165,5646,337,62010,68900
2166,5655,338,100800,112000
2167,5658,338,89280,99200
2168,5657,338,107370,119300
2169,5659,338,95850,106500
2170,5653,338,110160,122400
2171,5654,338,121680,135200
2172,5652,338,115110,127900
2173,5656,338,103590,115100
2174,5660,338,107370,119300
2175,5661,338,121680,135200
2176,5664,338,162540,180600
2177,5662,338,165240,183600
2178,5663,338,153720,170800
2179,5650,338,183150,203500
2180,5651,338,194670,216300
2181,5665,339,60750,67500
2182,5668,339,73620,81800
2183,5670,339,96570,107300
2184,5666,339,76590,85100
2185,5667,339,115020,127800
2186,5669,339,146880,163200
2187,5673,340,68850,76500
2188,5674,340,78840,87600
2189,5676,340,99450,110500
2190,5671,340,80910,89900
2191,5675,340,118710,131900
2192,5672,340,149580,166200
2193,5678,341,46890,52100
2194,5680,341,64890,72100
2195,5679,341,54180,60200
2196,5677,341,76140,84600
2197,5682,342,82620,91800
2198,5688,342,93420,103800
2199,5693,342,97470,108300
2200,5692,342,97020,107800
2201,5684,342,88650,98500
2202,5685,342,88200,98000
2203,5683,342,94500,105000
2204,5696,342,101970,113300
2205,5698,342,112140,124600
2206,5697,342,105570,117300
2207,5687,342,104670,116300
2208,5686,342,100080,111200
2209,5681,342,78480,87200
2210,5694,342,116370,129300
2211,5695,342,121950,135500
2212,5700,342,159930,177700
2213,5691,342,168930,187700
2214,5690,342,178290,198100
2215,5689,342,172530,191700
2216,5699,342,169290,188100
2217,5701,342,163530,181700
2218,5709,343,81810,90900
2219,5705,343,93420,103800
2220,5708,343,99270,110300
2221,5702,343,71910,79900
2222,5704,343,135810,150900
2223,5707,343,138150,153500
2224,5703,343,166500,185000
2225,5706,343,168840,187600
2226,5722,344,37729,39965
2227,5721,344,40994,43465
2228,5720,344,41267,43765
2229,5719,344,35169,37290
2230,5718,344,38002,40265
2231,5717,344,38434,40790
2232,5710,344,33107,34645
2233,5737,344,44453,48330
2234,5736,344,41258,44830
2235,5735,344,41792,45480
2236,5734,344,44720,48630
2237,5733,344,41525,45130
2238,5732,344,38597,41980
2239,5742,344,52047,56950
2240,5743,344,54975,60150
2241,5744,344,51780,56650
2242,5745,344,55242,60450
2243,5725,344,41267,43765
2244,5728,344,35169,37290
2245,5727,344,37729,39965
2246,5726,344,40994,43465
2247,5724,344,38002,40265
2248,5723,344,38434,40790
2249,5741,344,51351,56080
2250,5738,344,51084,55780
2251,5739,344,48156,52580
2252,5740,344,47889,52280
2253,5729,344,43785,46670
2254,5730,344,46594,49620
2255,5731,344,43329,46120
2256,5711,344,37452,39145
2257,5716,344,31407,32795
2258,5715,344,34152,35645
2259,5714,344,34707,36295
2260,5713,344,34428,35945
2261,5712,344,37728,39445
2262,5746,344,65318,70195
2263,5836,347,33257,34795
2264,5820,347,33104,34770
2265,5821,347,28899,30200
2266,5832,347,36477,38295
2267,5831,347,35699,37395
2268,5827,347,38919,40895
2269,5842,347,34682,36745
2270,5838,347,30595,32395
2271,5839,347,30868,32695
2272,5840,347,34963,37195
2273,5841,347,34690,36895
2274,5843,347,41908,44630
2275,5844,347,37189,39445
2276,5845,347,40374,42945
2277,5846,347,38419,40795
2278,5847,347,37867,40245
2279,5819,347,31724,33270
2280,5830,347,37617,39480
2281,5829,347,34453,36095
2282,5828,347,33859,35395
2283,5826,347,36987,38795
2284,5825,347,31233,32595
2285,5824,347,33767,35295
2286,5823,347,27519,28700
2287,5822,347,31724,33270
2288,5818,347,27519,28700
2289,5835,347,34682,36745
2290,5834,347,37189,39445
2291,5837,347,37867,40245
2292,5833,347,40374,42945
2293,5753,345,35688,38020
2294,5754,345,40136,42675
2295,5755,345,42761,45575
2296,5756,345,44082,46875
2297,5757,345,39955,42475
2298,5758,345,38313,40920
2299,5759,345,42580,45375
2300,5767,345,46615,49835
2301,5768,345,49058,52535
2302,5769,345,49239,52735
2303,5770,345,50561,54035
2304,5771,345,46434,49635
2305,5781,345,60190,64835
2306,5777,345,59918,64535
2307,5778,345,61692,66335
2308,5779,345,57294,61635
2309,5780,345,57565,61935
2310,5762,345,44082,46875
2311,5766,345,42580,45375
2312,5765,345,42761,45575
2313,5764,345,39955,42475
2314,5763,345,38313,40920
2315,5761,345,40136,42675
2316,5760,345,35688,38020
2317,5772,345,53172,57080
2318,5773,345,55978,60180
2319,5774,345,57299,61480
2320,5775,345,53263,57180
2321,5776,345,55797,59980
2322,5782,345,49963,53535
2323,5752,345,34761,36995
2324,5751,345,35590,37650
2325,5750,345,38214,40550
2326,5749,345,32136,34095
2327,5748,345,35771,37850
2328,5747,345,38395,40750
2329,5789,346,41703,44225
2330,5790,346,41522,44025
2331,5791,346,45739,48425
2332,5792,346,44328,47125
2333,5793,346,44147,46925
2334,5794,346,39891,42470
2335,5795,346,37357,39670
2336,5803,346,52264,55635
2337,5804,346,50852,54335
2338,5805,346,50671,54135
2339,5806,346,48228,51435
2340,5807,346,48047,51235
2341,5817,346,59135,63485
2342,5813,346,63352,67885
2343,5814,346,61488,66085
2344,5815,346,61759,66385
2345,5816,346,58863,63185
2346,5800,346,44328,47125
2347,5802,346,45739,48425
2348,5801,346,44147,46925
2349,5799,346,41522,44025
2350,5798,346,37357,39670
2351,5797,346,41703,44225
2352,5796,346,39891,42470
2353,5808,346,58957,63030
2354,5809,346,57545,61730
2355,5810,346,57364,61530
2356,5811,346,54921,58830
2357,5812,346,54740,58630
2358,5783,346,33850,35795
2359,5788,346,37203,39250
2360,5787,346,37384,39450
2361,5786,346,39827,42150
2362,5785,346,36384,38595
2363,5784,346,40008,42350
2364,5850,348,33681,35140
2365,5848,348,31093,32385
2366,5849,348,32835,34240
2367,5852,348,34687,36210
2368,5853,348,36263,37885
2369,5851,348,33819,35285
2370,5855,348,35725,37315
2371,5856,348,37184,38865
2372,5857,348,40143,42015
2373,5854,348,35255,36815
2374,5859,349,24253,25065
2375,5861,349,25500,26380
2376,5858,349,25212,26130
2377,5860,349,26716,27730
2378,5862,350,35797,37390
2379,5863,350,39415,41240
2380,5865,352,0,335000
2381,5864,352,0,388000
2382,5866,417,0,339000
2383,5867,353,30304,32295
2384,5868,353,36964,39595
2385,5870,353,32579,34795
2386,5869,353,42290,45445
2387,5871,78,21108,22245
2388,5872,78,22348,23595
2389,5877,78,33201,35345
2390,5874,78,26411,27995
2391,5873,78,22078,23295
2392,5876,78,23318,24645
2393,5875,78,25027,26495
2394,5878,354,23375,24795
2395,5882,354,29337,31395
2396,5881,354,26120,27795
2397,5880,354,27591,29395
2398,5879,354,32541,34895
2399,5883,79,17936,18795
2400,5885,79,19131,20095
2401,5888,79,19595,20595
2402,5890,79,18400,19295
2403,5887,79,24959,26395
2404,5891,79,24494,25895
2405,5884,79,21537,22695
2406,5892,79,21072,22195
2407,5886,79,22812,24095
2408,5889,79,21801,22995
2409,5893,79,22363,23595
2410,5906,80,21624,22895
2411,5907,80,28052,29895
2412,5902,80,32192,34445
2413,5904,80,23729,25145
2414,5903,80,25526,27095
2415,5905,80,33752,36145
2416,5908,81,25187,26795
2417,5914,81,31451,33595
2418,5912,81,35451,37995
2419,5909,81,32875,35145
2420,5910,81,27318,29045
2421,5911,81,35034,37495
2422,5913,81,37240,39945
2423,5894,355,25925,27495
2424,5897,355,30170,32095
2425,5898,355,31916,33995
2426,5895,355,28278,30045
2427,5896,355,30025,31945
2428,5901,355,35192,37245
2429,5899,355,39564,41945
2430,5900,355,39564,41945
2431,5918,356,0,44990
2432,5916,356,0,50990
2433,5915,356,0,58990
2434,5917,356,0,41990
2435,5921,357,0,94990
2436,5919,357,0,89990
2437,5920,357,0,129990
2438,5924,358,0,104990
2439,5923,358,0,99990
2440,5922,358,0,119990
2441,5925,359,0,57990
2442,5926,359,0,62990
2443,5927,359,0,39990
2444,5931,360,42014,45670
2445,5935,360,43888,47705
2446,5930,360,43316,47085
2447,5936,360,45189,49120
2448,5928,360,33823,36765
2449,5929,360,35548,38640
2450,5932,360,36638,39825
2451,5934,360,38364,41700
2452,5940,360,37363,40615
2453,5941,360,35639,38740
2454,5933,360,37471,40730
2455,5938,360,39858,43325
2456,5939,360,46684,50745
2457,5937,360,41302,44895
2458,5946,361,38182,42425
2459,5947,361,38182,42425
2460,5945,361,38542,42825
2461,5944,361,38813,43125
2462,5942,361,32513,36125
2463,5948,361,32513,36125
2464,5943,361,35424,39360
2465,5949,362,39060,43400
2466,5951,362,33391,37100
2467,5950,362,35640,39600
2468,5969,363,20284,21695
2469,5971,363,25012,26750
2470,5972,363,22902,24495
2471,5970,363,22188,23730
2472,5952,84,22916,25045
2473,5954,84,24197,26445
2474,5958,84,25444,27960
2475,5963,84,24170,26560
2476,5953,84,26081,28660
2477,5960,84,24807,27260
2478,5964,84,29357,32260
2479,5957,84,31913,35070
2480,5959,84,28524,31345
2481,5962,84,27250,29945
2482,5955,84,29024,31895
2483,5956,84,27750,30495
2484,5961,84,32413,35620
2485,5965,85,25088,27270
2486,5967,85,26483,28785
2487,5966,85,29597,32170
2488,5968,85,30102,32720
2489,5973,364,18923,20025
2490,5974,364,18958,20475
2491,5978,364,21459,23175
2492,5979,364,20810,22475
2493,5980,364,23306,25170
2494,5981,364,23667,25560
2495,5975,364,21459,23175
2496,5976,364,22615,24425
2497,5977,364,24005,25925
2498,5982,364,26214,28310
2499,5983,366,19967,21565
2500,5985,366,18948,20465
2501,5986,366,20801,22465
2502,5984,366,21679,23415
2503,5987,366,22699,24515
2504,5988,367,21851,23600
2505,5989,368,39121,42990
2506,5991,368,46401,50990
2507,5990,368,49586,54490
2508,5992,368,49864,54795
2509,5993,369,32032,35085
2510,6001,369,33493,36685
2511,5997,369,35502,38885
2512,5999,369,34041,37285
2513,5995,369,40209,44040
2514,6000,369,41989,45990
2515,5994,369,44911,49190
2516,5998,369,43131,47240
2517,5996,369,38058,41685
2518,6002,369,36597,40085
2519,6003,369,38054,41680
2520,6004,369,39834,43630
2521,6008,370,36979,40335
2522,6012,370,35513,38735
2523,6005,370,43493,47440
2524,6006,370,41705,45490
2525,6009,370,46428,50640
2526,6011,370,44640,48690
2527,6007,370,38080,41535
2528,6010,370,39546,43135
2529,6013,418,76670,85665
2530,6014,418,78756,87995
2531,6016,371,63360,66000
2532,6015,371,47521,49500
2533,6023,372,27811,29875
2534,6017,372,23054,24525
2535,6021,372,24191,25735
2536,6019,372,25507,27135
2537,6020,372,30395,32650
2538,6022,372,26602,28575
2539,6018,372,27533,29575
2540,6024,373,27090,28200
2541,6026,373,32639,34000
2542,6025,373,28800,30000
2543,6036,374,31281,33455
2544,6027,374,24638,26350
2545,6033,374,25947,27750
2546,6029,374,33922,36280
2547,6034,374,32613,34880
2548,6035,374,33736,36080
2549,6028,374,27157,29045
2550,6030,374,25848,27645
2551,6031,374,28378,30350
2552,6032,374,29687,31750
2553,6040,375,27167,28900
2554,6039,375,35184,37430
2555,6038,375,28384,30195
2556,6041,375,30928,32900
2557,6037,375,32761,34850
2558,6042,376,35956,38250
2559,6043,376,39082,41575
2560,6045,377,57007,62645
2561,6047,377,54071,59420
2562,6053,377,57917,63645
2563,6054,377,54981,60420
2564,6048,377,60470,66450
2565,6052,377,63405,69675
2566,6044,377,45864,50400
2567,6050,377,48799,53625
2568,6051,377,58719,64525
2569,6046,377,48335,53115
2570,6049,377,51270,56340
2571,6055,378,31876,34460
2572,6063,378,33726,36460
2573,6060,378,42965,46700
2574,6064,378,44621,48500
2575,6056,378,45909,49900
2576,6065,378,46423,50460
2577,6059,378,36571,39750
2578,6062,378,38411,41750
2579,6057,378,36571,39750
2580,6058,378,38850,42000
2581,6061,378,39553,42760
2582,6098,379,39586,42730
2583,6095,379,39121,42230
2584,6094,379,36273,39155
2585,6067,379,30119,32125
2586,6071,379,25225,27230
2587,6070,379,27633,29475
2588,6066,379,24750,26400
2589,6068,379,30261,32665
2590,6069,379,26869,28660
2591,6072,379,30554,32980
2592,6080,379,32938,35555
2593,6079,379,33402,36055
2594,6077,379,32508,34675
2595,6073,379,26428,28190
2596,6074,379,26938,29080
2597,6075,379,29376,31335
2598,6078,379,29310,31265
2599,6076,379,30089,32480
2600,6083,379,33072,35700
2601,6081,379,35333,38140
2602,6085,379,34767,37530
2603,6084,379,32019,34565
2604,6082,379,34307,36595
2605,6096,379,41064,44325
2606,6097,379,43569,47030
2607,6086,379,31228,33310
2608,6087,379,32020,34565
2609,6088,379,32484,35065
2610,6089,379,33072,35700
2611,6090,379,32892,35085
2612,6091,379,34768,37530
2613,6092,379,35333,38140
2614,6093,379,34308,36595
2615,6114,380,48466,52395
2616,6110,380,45644,49345
2617,6101,380,41353,44705
2618,6104,380,39627,42840
2619,6111,380,42448,45890
2620,6109,380,44174,47755
2621,6102,380,45644,49345
2622,6105,380,48466,52395
2623,6118,380,34693,37505
2624,6115,380,34388,37175
2625,6106,380,31566,34125
2626,6100,380,31871,34455
2627,6108,380,33434,36145
2628,6112,380,35950,38865
2629,6113,380,36256,39195
2630,6103,380,35538,38420
2631,6116,380,38359,41470
2632,6099,380,33128,35815
2633,6107,380,49488,53500
2634,6117,380,45532,49225
2635,6119,381,30709,32670
2636,6121,381,37600,40000
2637,6120,381,34028,36200
2638,6122,382,35478,36995
2639,6125,382,45068,46995
2640,6123,382,39890,41595
2641,6124,382,41616,43395
2642,6144,383,32084,33455
2643,6126,383,30260,31555
2644,6139,383,32075,33445
2645,6128,383,33474,34905
2646,6147,383,35296,36805
2647,6140,383,35287,36795
2648,6127,383,35431,36945
2649,6150,383,37253,38845
2650,6141,383,37204,38795
2651,6153,383,36773,38345
2652,6154,383,38595,40245
2653,6130,383,36724,38295
2654,6129,383,38548,40195
2655,6152,383,39938,41645
2656,6151,383,38116,39745
2657,6132,383,38068,39695
2658,6131,383,39890,41595
2659,6157,383,40591,42325
2660,6158,383,42412,44225
2661,6146,383,40685,42425
2662,6137,383,40656,42395
2663,6134,383,40560,42295
2664,6133,383,42384,44195
2665,6145,383,47014,49025
2666,6143,383,45260,47195
2667,6148,383,45289,47225
2668,6138,383,46987,48995
2669,6149,383,48646,50725
2670,6142,383,48617,50695
2671,6136,383,42191,43995
2672,6135,383,44012,45895
2673,6155,383,42220,44025
2674,6156,383,44042,45925
2675,6162,384,29590,30855
2676,6159,384,31411,32755
2677,6160,384,34625,36105
2678,6161,384,32802,34205
2679,6163,384,36581,38145
2680,6164,384,34759,36245
2681,6165,384,38451,40095
2682,6166,384,36102,37645
2683,6168,384,37444,39045
2684,6167,384,39793,41495
2685,6169,384,40015,41725
2686,6170,384,41741,43525
2687,6171,384,39918,41625
2688,6174,384,46345,48325
2689,6176,384,44618,46525
2690,6175,384,47973,50025
2691,6172,384,41550,43325
2692,6173,384,43371,45225
2693,6177,419,22267,23195
2694,6178,419,23035,23995
2695,6183,385,35467,36945
2696,6184,385,36235,37745
2697,6179,385,27547,28695
2698,6180,385,28315,29495
2699,6181,385,31358,32665
2700,6182,385,32127,33465
2701,6186,387,42236,43995
2702,6189,387,41928,43675
2703,6188,387,46248,48175
2704,6185,387,38396,39995
2705,6187,387,42716,44495
2706,6193,388,21883,22795
2707,6194,388,22651,23595
2708,6190,388,18235,18995
2709,6191,388,19003,19795
2710,6192,388,21979,22895
2711,6196,388,26924,28045
2712,6195,388,24715,25745
2713,6199,389,29515,30745
2714,6200,389,30283,31545
2715,6197,389,25291,26345
2716,6198,389,26059,27145
2717,6203,390,28765,29995
2718,6201,390,23011,23995
2719,6202,390,25888,26995
2720,6204,392,24235,25245
2721,6205,392,25482,26545
2722,6206,392,26299,27395
2723,6207,392,27547,28695
2724,6208,392,29371,30595
2725,6209,392,30619,31895
2726,6210,392,31243,32545
2727,6211,392,32492,33845
2728,6212,392,37531,39095
2729,6220,88,50196,53400
2730,6219,88,50196,53400
2731,6221,88,44791,47650
2732,6213,88,39433,41950
2733,6224,88,41595,44250
2734,6214,88,35485,37750
2735,6223,88,38775,41250
2736,6226,88,36613,38950
2737,6215,88,39433,41950
2738,6225,88,41595,44250
2739,6217,88,45120,48000
2740,6218,88,39715,42250
2741,6216,88,45120,48000
2742,6222,88,60912,64800
2743,6231,89,56447,60050
2744,6230,89,56447,60050
2745,6229,89,51371,54650
2746,6227,89,48457,51550
2747,6228,89,51371,54650
2748,6234,90,43616,46400
2749,6232,90,38493,40950
2750,6233,90,43616,46400
2751,6235,90,63262,67300
2752,6236,91,42723,45450
2753,6237,420,48692,51800
2754,6239,420,48692,51800
2755,6240,420,54332,57800
2756,6238,420,54332,57800
2757,6241,92,51606,54900
2758,6247,93,37083,39450
2759,6242,93,31678,33700
2760,6245,93,36613,38950
2761,6244,93,38963,41450
2762,6243,93,33558,35700
2763,6246,93,38493,40950
2764,6248,394,50751,53990
2765,6258,95,57340,61000
2766,6260,95,50290,53500
2767,6259,95,56071,59650
2768,6253,95,48410,51500
2769,6254,95,46248,49200
2770,6249,95,39198,41700
2771,6250,95,41360,44000
2772,6251,95,47141,50150
2773,6252,95,44979,47850
2774,6256,95,51700,55000
2775,6255,95,44650,47500
2776,6257,95,50431,53650
2777,6261,95,65330,69500
2778,6271,96,65565,69750
2779,6274,96,66035,70250
2780,6272,96,59643,63450
2781,6275,96,60113,63950
2782,6273,96,65001,69150
2783,6262,96,46060,49000
2784,6264,96,48410,51500
2785,6263,96,54614,58100
2786,6265,96,52264,55600
2787,6268,96,59455,63250
2788,6269,96,59925,63750
2789,6266,96,53533,56950
2790,6270,96,54003,57450
2791,6267,96,58891,62650
